{
    "best_epoch": 2,
    "best_val_f1": 0.9130858299974481,
    "best_val_loss": 0.2277539692198237,
    "test_accuracy": 0.9038311180609852,
    "test_f1": 0.903768995892407
}